Subj,shrinkage
S308,0.06601606404378754
S309,0.03440468708742683
S310,0.09546544953441793
S330,0.11477460883080032
S331,0.0951504412853658
S332,0.015799424273322038
S333,0.04964216539992268
S334,0.02561180066446782
S335,0.14145394877756645
S337,0.0369711007495443
S349,0.09535648547457838
S350,0.09625829001897587
S351,0.04583834797665671
S352,0.0032546153827851935
S369,0.0029791306489977006
S370,0.13716101585707627
S371,0.024567055633483263
S372,0.023832955375240803
