{
  "initial":[
      1.0,0.0,0.0,0.0,0.0,
      1.0,0.0,0.0,0.0,
      1.0,0.0,0.0,
      1.0,0.0,
      1.0,
      1.0,0.0,0.0,0.0,0.0,0.0,0.0,
      1.0,0.0,0.0,0.0,0.0,0.0,
      1.0,0.0,0.0,0.0,0.0,
      1.0,0.0,0.0,0.0,
      1.0,0.0,0.0,
      1.0,0.0,
      1.0,
      1.0,
      1.0,
      1.0,
      1.0,
      1.0
    ],
  "finitial":1.358525517386026e6,
  "ftol_rel":1.0e-12,
  "ftol_abs":1.0e-8,
  "xtol_rel":0.0,
  "xtol_abs":[1.0e-10,1.0e-10,1.0e-10,1.0e-10,1.0e-10,1.0e-10,1.0e-10,1.0e-10,1.0e-10,1.0e-10,1.0e-10,1.0e-10,1.0e-10,1.0e-10,1.0e-10,1.0e-10,1.0e-10,1.0e-10,1.0e-10,1.0e-10,1.0e-10,1.0e-10,1.0e-10,1.0e-10,1.0e-10,1.0e-10,1.0e-10,1.0e-10,1.0e-10,1.0e-10,1.0e-10,1.0e-10,1.0e-10,1.0e-10,1.0e-10,1.0e-10,1.0e-10,1.0e-10,1.0e-10,1.0e-10,1.0e-10,1.0e-10,1.0e-10,1.0e-10,1.0e-10,1.0e-10,1.0e-10,1.0e-10],
  "initial_step":[
      0.75,1.0,1.0,1.0,1.0,
      0.75,1.0,1.0,1.0,
      0.75,1.0,1.0,
      0.75,1.0,
      0.75,
      0.75,1.0,1.0,1.0,1.0,1.0,1.0,
      0.75,1.0,1.0,1.0,1.0,1.0,
      0.75,1.0,1.0,1.0,1.0,
      0.75,1.0,1.0,1.0,
      0.75,1.0,1.0,
      0.75,1.0,
      0.75,
      0.75,
      0.75,
      0.75,
      0.75,
      0.75
    ],
  "maxfeval":-1,
  "maxtime":-1.0,
  "feval":5192,
  "final":[
      1.0101344941827197,0.1576806319444609,0.18771528674323307,0.0362491802190656,-0.09501430066749716,
      1.4172080600244736,-0.5475654099622764,-0.10257983407851519,0.019224025436613397,
      0.804090324156917,-0.3283670324576874,-0.1222052051890638,0.6106976104380095,
      -0.5126126634593204,0.782145756400898,0.34423865255657116,0.15730677869866255,0.0031815190655493176,
      -0.06599286789789024,0.1587038862194331,0.07938179205723478,0.003699999540091943,0.5897084553674083,
      -0.35983219366396685,0.023501180119467918,0.012432701404755622,0.020935415871785275,0.004495542626001959,
      0.49462092533769547,-0.3217059864381988,-0.038395120198800675,-0.01669195443554286,0.002658874832953715,
      0.39588911730789716,-0.23049864382231222,-0.0037680992888400808,0.00524671455673245,0.5469702264064867,
      -0.0031426294163563262,-0.007504554794477759,0.14134942808007994,0.009674694841275552,0.03894923948642806,
      0.02663266309172912,0.11073494517990218,0.1882729861002889,0.1523251958237255,0.053320349728322086
    ],
  "fmin":1.314077567005401e6,
  "optimizer":"LN_BOBYQA",
  "returnvalue":"FTOL_REACHED",
  "nAGQ":1,
  "REML":false,
  "sigma":null,
  "fitlog":[
      [
        [
          1.0,0.0,0.0,0.0,0.0,
          1.0,0.0,0.0,0.0,
          1.0,0.0,0.0,
          1.0,0.0,
          1.0,
          1.0,0.0,0.0,0.0,0.0,0.0,0.0,
          1.0,0.0,0.0,0.0,0.0,0.0,
          1.0,0.0,0.0,0.0,0.0,
          1.0,0.0,0.0,0.0,
          1.0,0.0,0.0,
          1.0,0.0,
          1.0,
          1.0,
          1.0,
          1.0,
          1.0,
          1.0
        ],
        1.358525517386026e6
    ]
  ]
}